MaritalStatus,No,Yes
Divorced,0.8990825688073395,0.10091743119266056
Married,0.87518573551263,0.12481426448736999
Single,0.7446808510638298,0.2553191489361702
All,0.8387755102040816,0.16122448979591836
