BusinessTravel,No,Yes
Non-Travel,0.92,0.08
Travel_Frequently,0.7509025270758123,0.2490974729241877
Travel_Rarely,0.850431447746884,0.14956855225311602
All,0.8387755102040816,0.16122448979591836
