OverTime,No,Yes
No,0.8956356736242884,0.10436432637571158
Yes,0.6947115384615384,0.30528846153846156
All,0.8387755102040816,0.16122448979591836
