EducationField,No,Yes
Human Resources,0.7407407407407407,0.25925925925925924
Life Sciences,0.8531353135313532,0.14686468646864687
Marketing,0.779874213836478,0.22012578616352202
Medical,0.8642241379310345,0.13577586206896552
Other,0.8658536585365854,0.13414634146341464
Technical Degree,0.7575757575757576,0.24242424242424243
All,0.8387755102040816,0.16122448979591836
